Direction,Traffic_Volume,Average_Speed_kmph,Queue_Length_meters,Traffic_Density_vehicles_per_meter
North,18.36,43.18245863250552,21.28996994342444,0.7929392335669316
South,24.6,42.988320802701686,16.789115161895754,1.4702602549108528
East,26.16,21.328801795449145,14.04650588723782,1.8634678272428622
West,25.04,32.506691924057264,14.391170156478886,1.7726040581912939
