Direction,Traffic_Volume,Average_Speed_kmph,Queue_Length_meters,Traffic_Density_vehicles_per_meter
North,24.6,42.988320802701686,16.789115161895754,1.4702602549108528
South,24.7,37.57709226525379,17.92571319024195,1.3876586601350926
East,25.04,32.506691924057264,14.391170156478886,1.7726040581912939
West,15.060975609756095,53.38826705967995,27.37092536368021,0.5519999332119946
